{"loss": [1.6914658546447754, 0.5532091856002808, 0.3659760653972626, 0.28013741970062256, 0.2277713119983673, 0.1988307684659958, 0.1791616529226303, 0.16475214064121246, 0.157443106174469, 0.15062309801578522, 0.1405574530363083, 0.1361917108297348, 0.1221250668168068, 0.11691521853208542, 0.11112995445728302, 0.11047732830047607, 0.10928606986999512, 0.10298176854848862, 0.09978800266981125, 0.09890376776456833, 0.09182833880186081, 0.1296570599079132, 0.10619927197694778, 0.10252152383327484, 0.1540386974811554, 0.14080710709095, 0.1261977255344391, 0.11382487416267395, 0.15120777487754822, 0.1386539340019226], "accuracy": [0.769234299659729, 0.9073488116264343, 0.9404028058052063, 0.9532251358032227, 0.9600358605384827, 0.9641292691230774, 0.9665622115135193, 0.9685008525848389, 0.9691920876502991, 0.9695457220077515, 0.9699850082397461, 0.9710444211959839, 0.9728288054466248, 0.9732452034950256, 0.9735974073410034, 0.9734545350074768, 0.9736700057983398, 0.97423255443573, 0.974589467048645, 0.9744446873664856, 0.9754161238670349, 0.9714950323104858, 0.9743004441261292, 0.9749205112457275, 0.9712345600128174, 0.9723843932151794, 0.9716073870658875, 0.9714913368225098, 0.9642903804779053, 0.963528037071228], "val_loss": [7.411437034606934, 4.279952049255371, 2.614903450012207, 1.9722820520401, 1.7835190296173096, 1.6959006786346436, 1.5536562204360962, 1.504327416419983, 1.4001623392105103, 1.3122771978378296, 1.2689688205718994, 1.2140403985977173, 1.1390302181243896, 1.098001480102539, 1.058549165725708, 1.0162955522537231, 1.002185344696045, 1.0051883459091187, 1.0389299392700195, 0.9048272967338562, 0.9688218235969543, 0.8535045385360718, 0.6874414086341858, 0.7763867378234863, 0.7600178718566895, 0.8097168207168579, 0.7779860496520996, 0.7131651043891907, 0.7368088960647583, 0.7278880476951599], "val_accuracy": [0.44307735562324524, 0.6422791481018066, 0.7727160453796387, 0.8218949437141418, 0.8330526351928711, 0.835534930229187, 0.8382095098495483, 0.8419932126998901, 0.8438835144042969, 0.8444794416427612, 0.8461814522743225, 0.8483677506446838, 0.8514837622642517, 0.8533213138580322, 0.8567173480987549, 0.8610571026802063, 0.8656449317932129, 0.868355393409729, 0.8689841628074646, 0.875277042388916, 0.8740752339363098, 0.8797024488449097, 0.8930484652519226, 0.8898577094078064, 0.8922921419143677, 0.8825982809066772, 0.8774922490119934, 0.8786262273788452, 0.8690329790115356, 0.8729143142700195]}